Workbook
Name HR: Employee_data!$A$2:$J$500

Sheet Employee_data
A1: EmployeeNumber | B1: Age | C1: Gender | D1: Department | E1: JobRole | F1: MonthlyIncome | G1: JobSatisfaction | H1: OverTime | I1: YearsAtCompany | J1: Attrition | K1: AttritionFlag
A2: 1 | B2: 41 | C2: Female | D2: Sales | E2: Sales Executive | F2: 5993 | G2: 4 | H2: Yes | I2: 6 | J2: Yes | K2: =IF($J2="Yes",1,0) -> 1
A3: 2 | B3: 49 | C3: Male | D3: Research & Development | E3: Research Scientist | F3: 5130 | G3: 2 | H3: No | I3: 10 | J3: No | K3: =IF($J3="Yes",1,0) -> 0
A4: 4 | B4: 37 | C4: Male | D4: Research & Development | E4: Laboratory Technician | F4: 2090 | G4: 3 | H4: Yes | I4: 0 | J4: Yes | K4: =IF($J4="Yes",1,0) -> 1
A5: 5 | B5: 33 | C5: Female | D5: Research & Development | E5: Research Scientist | F5: 2909 | G5: 3 | H5: Yes | I5: 8 | J5: No | K5: =IF($J5="Yes",1,0) -> 0
A6: 7 | B6: 27 | C6: Male | D6: Research & Development | E6: Laboratory Technician | F6: 3468 | G6: 2 | H6: No | I6: 2 | J6: No | K6: =IF($J6="Yes",1,0) -> 0
A7: 8 | B7: 32 | C7: Male | D7: Research & Development | E7: Laboratory Technician | F7: 3068 | G7: 4 | H7: No | I7: 7 | J7: No | K7: =IF($J7="Yes",1,0) -> 0
A8: 10 | B8: 59 | C8: Female | D8: Research & Development | E8: Laboratory Technician | F8: 2670 | G8: 1 | H8: Yes | I8: 1 | J8: No | K8: =IF($J8="Yes",1,0) -> 0
A9: 11 | B9: 30 | C9: Male | D9: Research & Development | E9: Laboratory Technician | F9: 2693 | G9: 3 | H9: No | I9: 1 | J9: No | K9: =IF($J9="Yes",1,0) -> 0
A10: 12 | B10: 38 | C10: Male | D10: Research & Development | E10: Manufacturing Director | F10: 9526 | G10: 3 | H10: No | I10: 9 | J10: No | K10: =IF($J10="Yes",1,0) -> 0
A11: 13 | B11: 36 | C11: Male | D11: Research & Development | E11: Healthcare Representative | F11: 5237 | G11: 3 | H11: No | I11: 7 | J11: No | K11: =IF($J11="Yes",1,0) -> 0
A12: 14 | B12: 35 | C12: Male | D12: Research & Development | E12: Laboratory Technician | F12: 2426 | G12: 2 | H12: No | I12: 5 | J12: No | K12: =IF($J12="Yes",1,0) -> 0
A13: 15 | B13: 29 | C13: Female | D13: Research & Development | E13: Laboratory Technician | F13: 4193 | G13: 3 | H13: Yes | I13: 9 | J13: No | K13: =IF($J13="Yes",1,0) -> 0
... A500: 675 | B500: 22 | C500: Male | D500: Research & Development | E500: Research Scientist | F500: 2773 | G500: 3 | H500: Yes | I500: 2 | J500: No | K500: =IF($J500="Yes",1,0) -> 0

Sheet Data_as_Table
A1: EmployeeNumber | B1: Age | C1: Gender | D1: Department | E1: JobRole | F1: MonthlyIncome | G1: JobSatisfaction | H1: OverTime | I1: YearsAtCompany | J1: Attrition | K1: AttritionFlag
A2: 1 | B2: 41 | C2: Female | D2: Sales | E2: Sales Executive | F2: 5993 | G2: 4 | H2: Yes | I2: 6 | J2: Yes | K2: =IF($J2="Yes",1,0) -> 1
A3: 2 | B3: 49 | C3: Male | D3: Research & Development | E3: Research Scientist | F3: 5130 | G3: 2 | H3: No | I3: 10 | J3: No | K3: =IF($J3="Yes",1,0) -> 0
A4: 4 | B4: 37 | C4: Male | D4: Research & Development | E4: Laboratory Technician | F4: 2090 | G4: 3 | H4: Yes | I4: 0 | J4: Yes | K4: =IF($J4="Yes",1,0) -> 1
A5: 5 | B5: 33 | C5: Female | D5: Research & Development | E5: Research Scientist | F5: 2909 | G5: 3 | H5: Yes | I5: 8 | J5: No | K5: =IF($J5="Yes",1,0) -> 0
A6: 7 | B6: 27 | C6: Male | D6: Research & Development | E6: Laboratory Technician | F6: 3468 | G6: 2 | H6: No | I6: 2 | J6: No | K6: =IF($J6="Yes",1,0) -> 0
A7: 8 | B7: 32 | C7: Male | D7: Research & Development | E7: Laboratory Technician | F7: 3068 | G7: 4 | H7: No | I7: 7 | J7: No | K7: =IF($J7="Yes",1,0) -> 0
A8: 10 | B8: 59 | C8: Female | D8: Research & Development | E8: Laboratory Technician | F8: 2670 | G8: 1 | H8: Yes | I8: 1 | J8: No | K8: =IF($J8="Yes",1,0) -> 0
A9: 11 | B9: 30 | C9: Male | D9: Research & Development | E9: Laboratory Technician | F9: 2693 | G9: 3 | H9: No | I9: 1 | J9: No | K9: =IF($J9="Yes",1,0) -> 0
A10: 12 | B10: 38 | C10: Male | D10: Research & Development | E10: Manufacturing Director | F10: 9526 | G10: 3 | H10: No | I10: 9 | J10: No | K10: =IF($J10="Yes",1,0) -> 0
A11: 13 | B11: 36 | C11: Male | D11: Research & Development | E11: Healthcare Representative | F11: 5237 | G11: 3 | H11: No | I11: 7 | J11: No | K11: =IF($J11="Yes",1,0) -> 0
A12: 14 | B12: 35 | C12: Male | D12: Research & Development | E12: Laboratory Technician | F12: 2426 | G12: 2 | H12: No | I12: 5 | J12: No | K12: =IF($J12="Yes",1,0) -> 0
A13: 15 | B13: 29 | C13: Female | D13: Research & Development | E13: Laboratory Technician | F13: 4193 | G13: 3 | H13: Yes | I13: 9 | J13: No | K13: =IF($J13="Yes",1,0) -> 0
... A500: 675 | B500: 22 | C500: Male | D500: Research & Development | E500: Research Scientist | F500: 2773 | G500: 3 | H500: Yes | I500: 2 | J500: No | K500: =IF($J500="Yes",1,0) -> 0

Sheet Pivots
A1: Department | B1: Average of AttritionFlag | D1: Gender | E1: Sum of EmployeeNumber
A2: Human Resources | B2: 0.28571429 | D2: Female | E2: 68004
A3: Research & Development | B3: 0.13513514 | D3: Male | E3: 99771
A4: Sales | B4: 0.19078947 | D4: Grand Total | E4: 167775
A5: Grand Total | B5: 0.15631263
A7: OverTime | B7: Average of AttritionFlag
A8: No | B8: 0.098870056
A9: Yes | B9: 0.29655172
A10: Grand Total | B10: 0.15631263
A12: JobRole | B12: Average of MonthlyIncome
A13: Healthcare Representative | B13: 8150.225
A14: Human Resources | B14: 4454.1818
A15: Laboratory Technician | B15: 3126.0323
A16: Manager | B16: 16713.905
A17: Manufacturing Director | B17: 6576.4583
A18: Research Director | B18: 15900.759
A19: Research Scientist | B19: 3345.1616
A20: Sales Executive | B20: 6914.2991
A21: Sales Representative | B21: 2557.1667
A22: Grand Total | B22: 6597.6313

Sheet HR_Analytics_Dashboard
B2: Total Employees | E2: Attrition Rate | H2: Average Salary | K2: Highest Salary | N2: Lowest Salary | Q2: Average Satisfaction
B3: =COUNTA(Employee_data!A1:A500) -> 500 | E3: =AVERAGE(Employee_data!K1:K500) -> 0.15631263 | H3: =AVERAGE(Employee_data!F1:F500) -> 6597.6313 | K3: =MAX(Employee_data!F1:F500) -> 19999 | N3: =MIN(Employee_data!F1:F500) -> 1102 | Q3: =AVERAGE(Employee_data!G1:G500) -> 2.8036072
A5: 1. Which department has the highest attrition? | G5: 2. Does Overtime increase attrition? | M5: 3. What is the gender split of employees?
